10.0.145.14,	56:6f:78:90:00:02,	reverse-engineering/RE2
10.0.145.15,	56:6f:78:90:00:03,	reverse-engineering/Without a Trace
10.0.145.16,	56:6f:78:90:00:04,	reverse-engineering/RE3
10.0.145.17,	56:6f:78:90:00:05,	reverse-engineering/Gore
10.0.145.18,	56:6f:78:90:00:06,	reverse-engineering/Not Flag
10.0.145.19,	56:6f:78:90:00:07,	reverse-engineering/RE1
10.0.145.20,	56:6f:78:90:00:08,	reverse-engineering/StrangerHeaders
10.0.145.21,	56:6f:78:90:00:09,	binary-exploitation/Bof2
10.0.145.22,	56:6f:78:90:00:0a,	binary-exploitation/Tcash
10.0.145.23,	56:6f:78:90:00:0b,	binary-exploitation/Bof3
10.0.145.24,	56:6f:78:90:00:0c,	binary-exploitation/VM
10.0.145.13,	56:6f:78:90:00:01,	binary-exploitation/Bof1
10.0.145.25,	56:6f:78:90:00:0d,	binary-exploitation/Aegis
10.0.145.26,	56:6f:78:90:00:0e,	binary-exploitation/Uaf1
10.0.145.27,	56:6f:78:90:00:0f,	binary-exploitation/Uaf2
10.0.145.28,	56:6f:78:90:00:10,	binary-exploitation/Spectre
10.0.145.29,	56:6f:78:90:00:11,	web-exploitation/Responsive
10.0.145.30,	56:6f:78:90:00:12,	web-exploitation/Paths
10.0.145.31,	56:6f:78:90:00:13,	web-exploitation/Heist
10.0.145.32,	56:6f:78:90:00:14,	web-exploitation/Web3
10.0.145.33,	56:6f:78:90:00:15,	web-exploitation/Web2
10.0.145.34,	56:6f:78:90:00:16,	web-exploitation/Web1
10.0.145.35,	56:6f:78:90:00:17,	web-exploitation/ReadMe
10.0.145.36,	56:6f:78:90:00:18,	web-exploitation/Election
10.0.145.37,	56:6f:78:90:00:19,	forensics/Stego2
10.0.145.38,	56:6f:78:90:00:1a,	forensics/Big Phish
10.0.145.39,	56:6f:78:90:00:1b,	forensics/Stego3
10.0.145.40,	56:6f:78:90:00:1c,	forensics/Stego1
10.0.145.41,	56:6f:78:90:00:1d,	forensics/Whale Hunt
10.0.145.42,	56:6f:78:90:00:1e,	cryptography/Crypto3
10.0.145.43,	56:6f:78:90:00:1f,	cryptography/Crypto4
10.0.145.44,	56:6f:78:90:00:20,	cryptography/Crypto1
10.0.145.45,	56:6f:78:90:00:21,	cryptography/SMS
10.0.145.46,	56:6f:78:90:00:22,	cryptography/RSAdmin
10.0.145.47,	56:6f:78:90:00:23,	cryptography/Crypto5
10.0.145.48,	56:6f:78:90:00:24,	cryptography/Crypto2
